csv_order,Priority,Category,Item,Link,Price,Image,Notes,Black Friday Deals,Black Friday Store
9,1,Technology,Raspberry PI ,https://www.amazon.com/CanaKit-Raspberry-Starter-Kit-PRO/dp/B0CRSNCJ6Y?crid=2I7C9BM0UQ6TP&dib=eyJ2IjoiMSJ9.na9CetPjFi_FxZyBgpAsryiQoZ3zd4f4plM0JLrGn13BCMGOBGWCpnGVafok8Gub2efhGKTcJ5jXb9HyKVHUb0BlZNZ5cvaY9hLs3Ol_UQLOjIrZXvBWLPaj3OQre_mUgfFpfqrcT_6AoBu1lWY2t9jOILvwmLjm32c9CnfQTgyhyHw7NzUzHaZRU5dj0Wr0MPst0MIOAc1z9I2tbGiyuZB9sm8FJFiJwmlxdhq-kx0.8kMNk9wRbuk_PRs7adEoO9qKFbD4HRKGgyJeybS12t4&dib_tag=se&keywords=Raspberry%2BPi&linkCode=sl2&linkId=6f1d7762f53ddc0baae7d70955e10a98&qid=1734036590&sprefix=raspberry%2Bpi%2Caps%2C366&sr=8-1&th=1,$159.00,https://m.media-amazon.com/images/I/81yH4ePwEOL._AC_SX425_.jpg,,,
9,1,Clothes,Doodlebob sweater,https://www.boxlunch.com/product/spongebob-squarepants-doodlebob-allover-icons-crewneck---boxlunch-exclusive/31825600.html,$48.90,https://cdn.media.amplience.net/s/hottopic/31825600_hi?$productMainTablet$&fmt=auto,,,
9,1,clothes,Spongebob Overalls,https://www.hottopic.com/product/spongebob-squarepants-character-scuba-shortalls/31809841.html?cm_mmc=CSE-_-GGL-_-PLA-_-DMY-_-599939166_28654596746&gad_source=1&gclid=CjwKCAiA-ty8BhA_EiwAkyoa38paU0L1-8OqpAYyZkP9B3zcfAvq_p5J5Rx6oNbvS2dGOsB2eN8oyxoCs-MQAvD_BwE,$24.49,https://cdn.media.amplience.net/s/hottopic/31809838_hi?$productMainTablet$&fmt=auto,,,
10,1,Fitness,Naked Whey Protein Powder,https://www.amazon.com/NAKED-WHEY-1LB-Ingredient-Undenatured/dp/B071ZDDNBY/ref=sr_1_6_pp?crid=1SLCDJRE0QNRC&dib=eyJ2IjoiMSJ9.5VHUX76DFMqcbS6A-vNpJUMPPtRi56aiiOz2kG1JbaAoOTHYQavL8hqKjiJhuo-pJQcmrxOjkJQ_2OVhV4tFovTTH8eKUZzYGv2ILF8U7ppEjeatdp1u1GZ1joBz83BmIpPSYL9Kj7viHw2jEcPJJNTqlu7wxfAUrWeKKjCYZrog_Y-lvVx-uCvyfYELtvj7BafqKoh8vg4HitaRlgdWRsj1YYD7x5qMSgH97h9QSVMc6iauubCzgIIarJAXGATiTXUo9ji1kF11MgG4mXtN4iDBv5fSvb9atIApGnHFHDA.cj8q9mMT7Nv2HTFriIlT_HwiDovCVxJrcZPafBlhBis&dib_tag=se&keywords=protein+powder&qid=1722046482&sprefix=protein+powder+%2Caps%2C135&sr=8-6,$25.00,https://m.media-amazon.com/images/I/612BVvt7aAL.__AC_SX300_SY300_QL70_FMwebp_.jpg,,,
11,1,Fitness,pusheen gym bag,https://www.amazon.com/gp/product/B0CQMN1B5L/ref=sw_img_1?smid=A2ME53KL2BSLB6&psc=1,$49.90,https://m.media-amazon.com/images/I/61V9jXXTxAL._AC_SX569_.jpg,,,
11,1,fitness,dip bar,https://www.amazon.com/RELIFE-REBUILD-YOUR-LIFE-Functional/dp/B07DHD3CSY/ref=sr_1_4?crid=1YV4O3THCDY4B&dib=eyJ2IjoiMSJ9.xpe7iShUXB9UEyRcB7cc0khVFq6JdsH7xywitbzL2KOqWb4cIlXg4WHwrcCyVwX4nAFbMAtfXXuSIm3eCTvDczGLEIg_gU7PBPsV_17NTyoO4-2av0l6S6aDJB3HMw0lxC60P8zOrINxXrrOGIB9KhemN_JHlPJU_2VkfHjJFL5LREfnfGxPRGIdaUb61xux3DH8aVN5QUw3Ik2dKjBvaKhQei4JiL6E4qeuSojC7XjSAtid4RTU1h0mu-KJ6dgHyum4hzOlwPn1oRIDptcf1P6qiOEoP-PDigLtQNGtL-s.XEQczkcBC61I3Rjypv19BzjW9OSzRW99T6uXIQYrlig&dib_tag=se&keywords=dip+bar&qid=1722397799&s=sporting-goods&sprefix=dip+bar%2Csporting%2C90&sr=1-4,$57.99,https://m.media-amazon.com/images/I/71y07ZFqBdL.__AC_SY300_SX300_QL70_FMwebp_.jpg,,,
11,1,Fitness,Lifting Belt,https://pioneerfit.com/products/double-suede-lever-weightlifting-belt,$114.00,https://pioneerfit.com/cdn/shop/files/Doublesuedelever2.png?v=1717510996&width=1800,,,
11,1,Fitness,CAP Barbell Olympic Trap Bar | Multiple Grip Options,https://www.amazon.com/CAP-Barbell-Olympic-Shrug-Deadlift/dp/B0BFYMMWM7/ref=sr_1_5?dib=eyJ2IjoiMSJ9.vW66Dmv9m4sJe-DmFqwyjLb-Izdvf5KpCbeJYtNso6DEeARQluPIgScdN_rq1PUKFa1MM4WN1E5eo80ZaSLvtzJOGJ4FKhIzqYrPLDz6yAMf9jpFrG6IZ8W5Bl9iDPo1PdsOMHexavSeD9Z_DuVMljZGwMg42uKNrSp_ffqb6L-IZdzuBtLcDgL0NrN78e5Xd96fS1iluFSNsQRzVe8D6PJnsGV8TJc5IHJaUC6rXou2ETwpgP_ldZ22LR-DyfdtW3sJdMYMsndFoKAyyYgA02UDqMRHPv91C8yQASMQGW0.1lKuJpfPYxfLL9puJkDw2WUF7z6QfVB2gYB5W4IGnQY&dib_tag=se&keywords=trap%2Bbar&qid=1729472074&sr=8-5&th=1,$79.00,https://m.media-amazon.com/images/I/51aWnMB5LNL.__AC_SX300_SY300_QL70_FMwebp_.jpg,,,
12,1,Food,cotton candy sprinkles,https://www.amazon.com/Yupik-Sprinkles-Cotton-Candy-2-2/dp/B07QZF5PTT/ref=sr_1_5?crid=12EHKLHDFMNCS&keywords=cotton+candy+sprinkles&qid=1689980215&sprefix=%2Caps%2C166&sr=8-5,$5.91,https://m.media-amazon.com/images/I/81IRVE7aGVL._SX522_.jpg,,,
12,1,Food,Protein Powder,https://www.amazon.com/Dymatize-Hydrolyzed-Absorbing-Digesting-Chocolate/dp/B099HXNRKK?crid=27NWXNCIKRYN7&dib=eyJ2IjoiMSJ9.5VHUX76DFMqcbS6A-vNpJUMPPtRi56aiiOz2kG1JbaBoELjqkoJJtv3bo3OfT8zcK-H47ffztQlmiteb51GmfNbVcWD_n7iTdPEh_QzmGPl9Zcdcvuvk_mb-h4z_IF6h2-dqOt9ovOvRsyK-K4mGjSpoJK--fbZd9EF7Tdy10aVDbqOvhFdQkt_tcAaY0HdE_imjP45XK1taCfCPlVq9lf49S9WgBF-E7ftWK4iW2pPMugH6TSCvfbQAejp-4_SL4329gKHIuhYLD6h4woNviDegPKtHXGkCxQ4ssqLKAIxa5OeG5DagzfEzzwq0TAHR-NCwU50mtH071yh3TtjWGIl0r_INeQ8NVYonLCt8kGpGX3Uw1XDCKBYR73vZyCPVEg_l-DlDpT_5oqK_nh0EdVWWbNgWWqkC-Gb5aaFEEsMu8N8SyNo4OsYIgkaJUGEI.NL0EoX5n4Def4zv_JWrnvDw57uMPyjz_DVovrooWfZA&dib_tag=se&keywords=protein+powder&qid=1734066158&sprefix=prot%2Caps%2C153&sr=8-15,$27.00,https://m.media-amazon.com/images/I/81bn4I1iOcL._AC_SY450_.jpg,,,
12,1,Food,Flakey Salt,https://www.amazon.com/Maldon-Sea-Salt-Flakes-ounce/dp/B00017028M/ref=sr_1_5?crid=1GZWS9PU4HTKM&keywords=flaky+sea+salt&qid=1702178582&sprefix=flaky+sea+salt%5C%2Caps%2C112&sr=8-5,$6.28,https://m.media-amazon.com/images/I/41y7WRo25AL._SY300_SX300_.jpg,,,
12,1,Food,Popcorn sesaoning,https://www.amazon.com/gp/product/B08N5784GM/ref=ox_sc_act_title_10?smid=A1BKXXIGLTMHDV&psc=1,$11.99,https://m.media-amazon.com/images/I/81-durOeWiL._SY550_.jpg,,,
13,1,Games,Stardew Valley: The Board Game,https://shop.stardewvalley.net/products/pre-order-stardew-valley-the-board-game-3rd-printing,$50.00,https://shop.stardewvalley.net/cdn/shop/files/boxshotsmaller_f563a498-f844-4b88-ada9-a00a259a8acf_540x.png?v=1691690497,,,
14,1,Kitchen,Nut and oat milk maker,https://www.amazon.com/dp/B0C6G93F4W?ref_=cm_sw_r_apin_dp_8ZTK047AM4E7PQM0ZE50&peakEvent=4&dealEvent=1&language=en-US,$94.00,https://m.media-amazon.com/images/I/71idQsNnmOL.__AC_SX300_SY300_QL70_FMwebp_.jpg,,,
14,1,Kitchen,The Official Horizon Cookbook: Tastes of the Seven Tribes (Gaming),https://www.amazon.com/dp/B0CDJB6NYD?ref_=cm_sw_r_apin_dp_PCFGY04DV2Y3YMNREVRG,$39.00,https://m.media-amazon.com/images/I/51zKjr3KrGL._SX342_SY445_.jpg,,,
14,1,Kitchen,Merry Cookie Lover,https://shopcookingwithkarli.com/products/the-merry-cookie-lover-the-ultimate-christmas-cookie-and-candy-collection-cookie-lover-book-3-physical-copy,$27.99,https://shopcookingwithkarli.com/cdn/shop/files/Untitled-design-16.jpg?v=1705500129&width=493,,,
14,1,Kitchen,Cookies For days,https://shopcookingwithkarli.com/products/cookie-lover-the-classic-collection-cookbook-cookie-lover-book-2-physical-copy,$39.00,https://shopcookingwithkarli.com/cdn/shop/files/PRE-ORDERTODAY_-3.png?v=1727131947&width=493,,,
14,1,Kitchen,Smart pasta noodle maker ,https://www.williams-sonoma.com/products/philips-smart-pasta-noodle-maker/?catalogId=79&sku=1651409&cm_ven=FreePLA&cm_cat=Google&cm_pla=Electrics%20%3E%20Pasta%20Machines&region_id=668460,$249.00,https://assets.wsimgs.com/wsimgs/rk/images/dp/wcm/202443/0012/img30o.jpg,,,
14,1,Kitchen,basics with babish Cookbook,https://www.amazon.com/gp/product/198216753X/ref=ox_sc_act_title_4?smid=ATVPDKIKX0DER&psc=1,$20.00,https://m.media-amazon.com/images/I/51eORMn35aL._SX342_SY445_.jpg,,,
14,1,Kitchen,More Is More: Get Loose in the Kitchen: A Cookbook,https://www.amazon.com/More-Get-Loose-Kitchen-Cookbook/dp/0593578848/ref=sr_1_76?crid=GFZFPDY270NQ&dib=eyJ2IjoiMSJ9.MoUBiLIIuvNceW0bgeFTF3nTKZSFKGFLmCTNNhuqOEBbFNsSoZax7qCdcFHJB6pk8MlM3Qic7w6lvYvnxAeSi94p8jh0faACdDMjGbhI9mt2HIf0VnYsG-oSVQL-SB4Axf0kQ71H0xZnEbkJlvlJBTv6KEadOe9H79jor6_V82h_R4L3SGkJKYPw6TBP09A3OqXB7CqBHk5vFF8zH78kBkxTEtF_au5QvW9FcNGM2XEWuAI8zKwaXXhpJDbpClt3X0NCQ1dXf4xVlQnWjQXdWAkOYfghgvlDnvuNeqE_Ic8.0X8UMAPfqUZU3JwBTveJDGq8-pAauDYP5WtedWbBqw4&dib_tag=se&keywords=cook+book&qid=1722051062&sprefix=cook+book%2Caps%2C118&sr=8-76,$19.00,https://m.media-amazon.com/images/I/41HaZqLt1OL._SX342_SY445_.jpg,,,
14,1,Kitchen,What's for Dessert: Simple Recipes for Dessert People: A Baking Book,https://www.amazon.com/Whats-Dessert-Simple-Recipes-People/dp/1984826980/ref=sr_1_1?crid=1DTJLE2JPJKHV&dib=eyJ2IjoiMSJ9.XWcihldc7CxUpbYpI_lQOqkD4YAKUvZ9Q3vRtDbnVHR7ZhoIBRWckn6TbSYuXmgc0hmIKqTgGUZYZ6RoOL4tFeMEOiB8ZfJYEc87BbnVed7W32Z_3sTxuPeJX69fe1v6jT_9yOLVFg3EcgqrmFrZ2VI7JBYdT3B8nbvdF5eafMwPZROAYFUr04U0Qc_YVohI2HZPHB9kp04ZI8GKRB-T_Mubw4HCQMJv5noimsJHICI.t0Q1Vtq5KpWHY_9zOdC_e0tVmE09Lvh67YOyajhTYVA&dib_tag=se&keywords=claire+saffitz+cookbook&qid=1722051146&sprefix=claire+%2Caps%2C139&sr=8-1,$21.00,https://m.media-amazon.com/images/I/51pW6QCzLAL._SX342_SY445_.jpg,,,
14,1,kitchen,cheese powder,https://www.amazon.com/Cheddar-Cheese-Hoosier-Hill-Farm/dp/B008GG9ZS8/ref=mp_s_a_1_1_sspa?crid=10GSDDD8BE2IS&dib=eyJ2IjoiMSJ9.wJsNWBDS8VYxhom3v3RINyk-ja3HZZI_S9ZnbxIKOOqssPS1lPwVF1hLjygfMBXjJVEZuaMWHmuLdhY-CfypM96xS_yHtGLD40DgA7Ezc2Mhg6l45Rn60DNFr7YwBh8lEUTH9j-SPjgR-1bNZQvkZrSvCFvu0KjKjI65fdxGgiWVd2rqxeAy4IJs5k10PEzcmxcGqSQgVMzPq9zlxdJyWQ.8PV_s0HsKkrCppbwqlZxk5f4NIMZ40SXvESKTeSJrtw&dib_tag=se&keywords=hoosier+hill+farm+cheddar+cheese+powder&qid=1712365633&sprefix=hoosier+%2Caps%2C143&sr=8-1-spons&sp_csd=d2lkZ2V0TmFtZT1zcF9waG9uZV9zZWFyY2hfYXRm&psc=1,$14.99,https://m.media-amazon.com/images/I/41hS2L6rLTL._SX300_SY300_QL70_FMwebp_.jpg,,,
14,1,Kitchen,Kitchen Grade Food Scale,https://www.amazon.com/OXO-Grips-Stainless-Pull-Out-Display/dp/B079D9B82W?th=1&tag=seriouseats-onsite-prod-20&ascsubtag=5128542%7Cnbb789694d7db44028990cbcc0933e36719%7CB079D9B82W%7C1723492634059%7C%7C,$53.93,https://m.media-amazon.com/images/I/41sS0WI3j3L.__AC_SX300_SY300_QL70_FMwebp_.jpg,,,
15,1,Home,Tascam Mic,https://www.amazon.com/Tascam-DR-05X-Handheld-Recorder-Interface/dp/B07N3FC7N3?source=ps-sl-shoppingads-lpcontext&ref_=fplfs&psc=1&smid=A4KPTRK1MBYWJ,$79.00,https://m.media-amazon.com/images/I/615s0isOV7L._AC_SX679_.jpg,,,
15,1,Technology,"Corsair iCUE Lighting Node PRO RGB Lighting Controller, Multicolored",https://www.amazon.com/Corsair-iCUE-Lighting-Controller-Multicolored/dp/B01MYDTC2C/ref=sr_1_5?keywords=rgb+corsair&qid=1637291528&qsid=131-4195542-0910046&s=electronics&sr=1-5&sres=B07D1XCKWW%2CB08QSNNV5H%2CB01MYDTC2C%2CB075VGN4M1%2CB07Z9SW756%2CB07TB3R9JB%2CB07L2QSY96%2CB08FVJ7MGK%2CB08C788312%2CB07TB4J2DD%2CB08HR74WV4%2CB07VGJMQLB%2CB08SPYCCF1%2CB0829RTMKY%2CB08XJZ82Y8%2CB07RCY2GTB%2CB08W2J9JZ9%2CB07VTGSC3B%2CB08J6FC3F3%2CB082LRMY53,$64.99,https://m.media-amazon.com/images/I/61-kbiQIy6S._AC_SX425_.jpg,,,
15,1,Technology,Light bar,https://www.amazon.com/dp/B07GXB3S7Z/ref=cm_sw_r_as_gl_api_gl_i_Y4A5W7F8NDGH4P6YZ51P?linkCode=ml1&tag=alexislovitz-20,$159.00,https://m.media-amazon.com/images/I/510sm2v2IQL.__AC_SY300_SX300_QL70_FMwebp_.jpg,,,
15,1,Technology,Moca Network adapter,"https://www.amazon.com/Actiontec-MoCA-Network-Adapter-Ethernet/dp/B088KV2YYL?crid=2YKT0PCKD516N&keywords=MOCA&qid=1687739548&sprefix=mo,aps,191&sr=8-2-spons&ufe=app_do:amzn1.fos.f5122f16-c3e8-4386-bf32-63e904010ad0&sp_csd=d2lkZ2V0TmFtZT1zcF9hdGY&th=1&linkCode=sl1&tag=brettturner-20&linkId=6cbebb4eeeb209ee42030d79b02dd3ab&language=en_US&ref_=as_li_ss_tl",$159.00,https://m.media-amazon.com/images/I/51wvOvyER0L.__AC_SX300_SY300_QL70_FMwebp_.jpg,,,
15,1,Technology,Pusheen Café Series Silicone Protective Cover,https://www.amazon.com/iFace-Silicone-Protective-Character-Carabiner/dp/B09W9JWTBG?th=1,$49.00,https://m.media-amazon.com/images/I/71SO6n+i2lL._AC_SY300_SX300_.jpg,,,
16,1,Home,"Loop Engage Earplugs for Conversation – Low-Level Noise Reduction with Clear Speech – Social Gatherings, Noise Sensitivity & Parenting – 8 Ear Tips in XS/S/M/L - 16 dB & NRR 10 - Crystal https://a.co/d/b3SAJhH",https://www.amazon.com/Loop-Earplugs-Conversation-Low-Level-Reduction/dp/B0CQP3HF8Q,$34.00,https://m.media-amazon.com/images/I/51IPJd9bEHL._AC_SY450_.jpg,,,
17,1,Vinyls,"A Charlie Brown Christmas (Target Exclusive, Vinyl)",https://www.target.com/p/vince-guaraldi-trio-a-charlie-brown-christmas-target-exclusive-vinyl/-/A-87001302#lnk=sametab,$24.99,https://target.scene7.com/is/image/Target/GUEST_538df383-9e32-4ded-a0f7-6f7f77833a9a?wid=600&hei=600&qlt=80&fmt=webp,,,
17,1,Vinyls,Christmas Charlie Brown vinyl,https://www.amazon.com/Charlie-Brown-Christmas-Green-Vinyl/dp/B002Y1OAJU/ref=sr_1_4?keywords=christmas+vinyl+records&qid=1699072189&sr=8-4,$21.99,https://m.media-amazon.com/images/I/415dby+aFKL._SY300_.jpg,,,
17,1,Vinyls,Conan gray vinyl ,https://www.target.com/p/conan-gray-kid-krow-red-target-exclusive-vinyl/-/A-84049703#lnk=sametab,$22.49,https://target.scene7.com/is/image/Target/GUEST_ee822280-2a5a-48b5-9178-41099c26d12f?wid=600&hei=600&qlt=80&fmt=webp,,,
17,1,Vinyls,Hbo soundtrack vinyl,https://mondoshop.com/products/the-last-of-us-season-1-soundtrack-from-the-hbo-original-series-2xlp-mondo-exclusive,$42.00,https://mondoshop.com/cdn/shop/products/3-TLOUPackGatefold.jpg?v=1695711755&width=570,,,
17,1,Vinyls,Ok Ocherstra vinyl,https://www.amazon.com/OK-ORCHESTRA-AJR/dp/B0BPYYG2WJ/ref=sr_1_2?qid=1699496604&refinements=p_32%3AAJR&s=music&sr=1-2,$24.98,https://m.media-amazon.com/images/I/91qLNA+rklL._SY355_.jpg,,,
17,1,Vinyls,troye sivan vinyl,https://www.amazon.com/Something-Give-Each-Other-LP/dp/B0C9V7X9NR/ref=sr_1_1?keywords=troye+sivan+vinyl&qid=1699757311&sr=8-1,$29.00,https://m.media-amazon.com/images/I/310gUM02q6L._SX300_SY300_QL70_FMwebp_.jpg,,,
17,1,Vinyls,Trans-Siberian Orchestra - Christmas Eve and Other Stories,https://www.amazon.com/Trans-Siberian-Orchestra-Christmas-Other-Stories/dp/B09LTCVXJK,$25.00,https://m.media-amazon.com/images/I/71PQhOeuY9L._SY355_.jpg,,,
17,1,Vinyls,Stardew Vinyl,https://www.fangamer.com/products/stardew-valley-complete-ost-vinyl-box-set,$79.00,https://www.fangamer.com/cdn/shop/files/product_sdv_vinyl_boxset2-1.png?crop=center&height=600&v=1704922959&width=900,,,
18,1,clothes,Women's Hello Kitty and Friends Cozy Graphic Sweatshirt - Pink,https://www.target.com/p/women-s-hello-kitty-and-friends-cozy-graphic-sweatshirt-pink/-/A-91741581?preselect=91719010#lnk=sametab,$13.00,https://target.scene7.com/is/image/Target/GUEST_dab9dec1-1e4f-43ce-b7ec-688b42429df9?wid=600&hei=600&qlt=80&fmt=webp,,,
18,1,Food,Vital wheat gluten,https://www.amazon.com/Bobs-Red-Mill-Vital-Gluten/dp/B083KBZ5DW/ref=sr_1_6?crid=3AMCP0MSP7E5T&dib=eyJ2IjoiMSJ9.UX9ELEkKXPmdXeeN6sD8e14W45MS6aRRb-SOQYsuDlc46fQNhC8MW5TYiSOoymQ6CwsocpClmCkvjMMScAMPz6dLivdAIx34iCY-KAs_Jl9pmaqS4WVuHktYMeK0M2jpWkBGQiJ8gwk0Xo24eob70ASRWO3t9a15g_qMIHQG3TJ7LOVGpbA6mCK1L0qxeT0hwoCFaSuNXY3wMIKi03NONgJhKSD7fIcXQaaZLE-CDNzW5mSbXnuNzDjJCTg_8s86KitvHCtwnJ-DzH_ZelNY7ISHvqQl0gpQ3dsXKxSC9ec.-Z1xsSG1tZ1jDcy33GWKJWGeknusohsLvXOR-uJR7Mc&dib_tag=se&keywords=vital+wheat+gluten&qid=1721258856&sprefix=vital+whe%2Caps%2C148&sr=8-6,$9.49,https://m.media-amazon.com/images/I/41R6hRCf0ML._SY300_SX300_QL70_FMwebp_.jpg,,,
18,1,Clothes,Berry and bee converse ,https://www.mercari.com/us/item/m86027379251/?com_cvv=8fb3d522dc163aeadb66e08cd7450cbbdddc64c6cf2e8891f6d48747c6d56d2c,$125.00,https://u-mercari-images.mercdn.net/photos/m86027379251_1.jpg?width=1024&height=1024&format=pjpg&auto=webp&fit=crop&_=1726479422,,,
18,1,Clothes,Pusheen Swimsuit,https://poshmark.com/listing/Pusheen-mermaid-monokini-juniors-65ce5941bd66cd9d9d814275,$25.00,https://di2ponv0v5otw.cloudfront.net/posts/2024/02/15/65ce5941bd66cd9d9d814275/m_wp_65ce5941bd66cd9d9d814276.webp,,,
18,1,Clothes,Cinnamoroll Strawberry Ruffle Dress,https://www.hottopic.com/product/cinnamoroll-strawberry-ruffle-dress/20546040.html,$54.90,https://cdn.media.amplience.net/s/hottopic/20546040_hi?$productMainTablet$&fmt=auto,,,
18,1,Clothes,clothes from shein/shein gift card,https://m.shein.com/us/giftcard.html?lang=us,ANY AMOUNT,https://www.mygiftcardsupply.com/wp-content/uploads/2023/03/Shein-Gift-Cards.png,,,
18,1,Clothes,Hello Kitty x Pusheen Lavender Clouds Suspender Skirt,https://poshmark.com/listing/Hello-Kitty-X-Pusheen-Lavender-Suspender-Skirt-Hot-Topic-Sanrio-64d2b9462fbf1a0e666c2e75#utm_source=gdm_unpaid,$17.00,https://di2ponv0v5otw.cloudfront.net/posts/2023/08/08/64d2b9462fbf1a0e666c2e75/m_wp_64d2b95097b5d036c2d3506e.webp,,,
18,1,Clothes,Pusheen Slippers,https://www.amazon.com/gp/product/B0BD59GT81/ref=sw_img_1?smid=A1U7E11P5KZ4D1&th=1&psc=1,$22.00,https://m.media-amazon.com/images/I/81sk2kbbAKL._AC_SY500_.jpg,,,
18,1,Clothes,hello kitty® ladies ankle socks 5-pack - red & blue,https://www.fivebelow.com/products/hello-kitty-ladies-ankle-socks-5-pack-red-blue,$5.00,https://fbres.fivebelow.com/image/upload/t_large/5bassets/prod-hts/spree/images/1867268/original/7580061-00_A.jpg,,,
18,1,Clothes,Strawberry Swimsuit,https://nyahallo.com/products/pre-order-strawberry-one-piece-swimsuit?_pos=2&_sid=945dabaa1&_ss=r,$67.99,https://nyahallo.com/cdn/shop/files/1_piece_side_front_small_521c618b-4453-484f-b569-d8898f484a1b.jpg?v=1718338929&width=960,,,
18,1,Clothes,Pusheen Cardigan,https://www.depop.com/products/hunnydau-pusheen-the-cat-pink-sailor/,$22.50,https://media-photos.depop.com/b1/34427349/1585675110_49eaddef258a4f27b33e350dfaf9baa6/P0.jpg,,,
18,1,Clothes,UGG Men's Tasman Slipper,https://www.amazon.com/gp/product/B000J19AY2/ref=twister_dp_update?ie=UTF8&psc=1&redirect=true,$109.00,https://m.media-amazon.com/images/I/81mILq8jToL._AC_SX395_.jpg,,,
18,1,Clothes,white crocs,https://www.amazon.com/crocs-Unisex-Classic-White-Women/dp/B00152AGEW?source=ps-sl-shoppingads-lpcontext&ref_=fplfs&psc=1&smid=ATVPDKIKX0DER,$32.00,https://m.media-amazon.com/images/I/61kuoM3sRaL._AC_SX395_.jpg,,,
18,1,Clothes,my melody sweater,https://www.aliexpress.us/item/3256803798020551.html?spm=a2g0o.cart.0.0.103238daVlKl6i&mp=1&gatewayAdapt=glo2usa,$16.00,https://encrypted-tbn1.gstatic.com/shopping?q=tbn:ANd9GcSXfmyNF8iry43M6ZTX_exyZbJbb4hDsV0T9uG6ob57V8l70wqRlILnDsORSTdKOvjyCnP7_m4eqQ6LhroH12YmZPcwg6ZgRA,,,
18,1,Clothes,hello kitty sweater,https://www.aliexpress.us/item/3256803797941918.html?spm=a2g0o.cart.0.0.103238daVlKl6i&mp=1&gatewayAdapt=glo2usa,$16.00,https://encrypted-tbn0.gstatic.com/images?q=tbn:ANd9GcQzTFE07DI38k_2SPlmNuQxFgP7YXZfggJOVg&s,,,
18,1,Clothes,Strawberry Jam Sweater,https://mochipan.com/products/strawberry-jam-sweater,$59.99,https://mochipan.com/cdn/shop/files/Pre-Sample_Pre-Order_Strawberry_Jam_Sweater_-_Mochipan-2965783.jpg?v=1725268712&width=1200,,,
18,1,Clothes,Snoopy PJS,https://www.kohls.com/product/prd-6749164/womens-beauty-sleep-social-marcie-peanuts-halloween-long-sleeve-top-pants-pajama-set.jsp?skuId=78702476,$24.50,https://media.kohlsimg.com/is/image/kohls/6749164_The_Great_Pumpkin?wid=805&hei=805&op_sharpen=1,,,
18,1,Clothes,Cinnamoroll Crocs,https://www.amazon.com/Crocs-Unisex-Hello-Classic-Cinnamoroll/dp/B0CVLHZGVM?source=ps-sl-shoppingads-lpcontext&ref_=fplfs&psc=1&smid=AH1YFAUS3NHX2,$69.00,https://m.media-amazon.com/images/I/719EP4wP2rL._AC_SX395_.jpg,,,
18,1,Clothes,Hello Kitty 90s Theme Juniors White Long Sleeve Shirt,https://www.target.com/p/hello-kitty-90s-theme-juniors-white-long-sleeve-shirt/-/A-87450741?preselect=88683118#lnk=sametab,$20.00,https://target.scene7.com/is/image/Target/GUEST_5d6a3171-6c7e-4e3f-a4bb-8a0494435730?wid=600&hei=600&qlt=80&fmt=webp,,,
18,1,Clothes,Women's Hello Kitty Surfer Skimmer Short Sleeve Graphic T-Shirt,https://www.target.com/p/women-s-hello-kitty-surfer-skimmer-short-sleeve-graphic-t-shirt-pink/-/A-91000306?preselect=90921777#lnk=sametab,$14.00,https://target.scene7.com/is/image/Target/GUEST_b1acdac1-cd65-4a0e-ab6f-53147de5bc9f?wid=600&hei=600&qlt=80&fmt=webp,,,
18,1,clothes,Women's My Melody and Kuromi Graphic Sweatshirt,https://www.target.com/p/women-s-my-melody-and-kuromi-graphic-sweatshirt-pink/-/A-91741571?preselect=91718718#lnk=sametab,$24.99,https://target.scene7.com/is/image/Target/GUEST_6867b92b-fd65-49ed-bac5-a63a7cd29705?wid=600&hei=600&qlt=80&fmt=webp,,,
18,1,clothes,straweberry shortcake pants,https://www.target.com/p/women-s-strawberry-shortcake-cozy-graphic-pants-pink/-/A-91741586?preselect=91719028#lnk=sametab,$14.00,https://target.scene7.com/is/image/Target/GUEST_ce2aa53e-c50f-4ee2-bcf4-66740a389515?wid=600&hei=600&qlt=80&fmt=webp,,,
18,1,Clothes,Columbia Women's 4 Pack Moisture Control Crew Socks,https://www.amazon.com/Columbia-Womens-Moisture-Control-Pink-grey/dp/B09ZVF39M8?dib=eyJ2IjoiMSJ9.mSS19ihiRWfSxEG-v2lUnNuXXcs4UckvCTsvEdHoS8KpiDDIA5kfoggRYbQAvqKAuGjIHpautcHNs0ODOGgqNnTeKVYWcQyYOLnmvfwkMly9GNWutM7xStjFDFXyj9NKyhlFM9tAoTGVy4ySmvFYAYh1JVUdHxMWsv0CsKsP-5e38HVlIrgxE00mFkzjv6YPvZAdBSs9XAFLLJY4RVavwSf3X_sUgRwvbnkmNObnDGvnHXN-Qw1S0o6VsVuCGF4S-aQPnMBl020h8n_yX2uGml4WqwnwCXRPnMqfVcQhZ9U.2tXfiq86H6pXltvDAQUzb4XCk3-iKosv3r26-fvu_Gk&dib_tag=se&keywords=columbia+womens+socks&qid=1730962513&sr=8-6,$22.00,https://m.media-amazon.com/images/I/91QTpVhQYZL._AC_SX569_.jpg,,,
19,1,Makeup,ColourPop YOU'RE GOLDEN Eyeshadow Palette ,https://www.amazon.com/ColourPop-Eyeshadow-Semi-Sparkle-Cruelty-Free-Super-Pigmented/dp/B09V4MRMZK/ref=sr_1_7?crid=1L4BCM8AOTUTQ&keywords=colourpop&qid=1696648226&sprefix=colourpop%2Caps%2C133&sr=8-7,$39.00,https://m.media-amazon.com/images/I/61KBwXYnCTL._SX425_.jpg,,,
20,1,Plushies,Hello kitty easter plushj,https://www.fivebelow.com/products/easter-hello-kitty-plush-toy,$5.00,https://fbres.fivebelow.com/image/upload/t_large/5bassets/prod-hts/spree/images/1847115/original/7200025-00_A.jpg,,,
22,2,Food,Built Protein bars,https://built.com/products/12ct-mixed-box,$29.00,https://built.com/cdn/shop/files/web_grid_7abc7fed-2d35-4f1f-acfa-dbf32f155622.jpg?v=1731083859&width=493,,,
23,2,Games,Abby Statue,https://www.bigbadtoystore.com/Product/VariationDetails/193705,$59.99,https://images.bigbadtoystore.com/images/p/full/2022/01/7de222fe-1a70-4c9b-bda2-04f3948830c0.jpg,,,
26,2,Home,wearable heatable poncho,https://www.amazon.com/Beautyrest-Sherpa-Electric-Blanket-Shutoff/dp/B07JVG9GG3/ref=sr_1_7?crid=1Z80YOEEJUFY0&keywords=heated%2Bponcho%2Bcordless&qid=1702074375&s=home-garden&sprefix=heated%2Bponch%2Cgarden%2C110&sr=1-7&ufe=app_do%3Aamzn1.fos.17d9e15d-4e43-4581-b373-0e5c1a776d5d&th=1,$50.99,https://m.media-amazon.com/images/I/71OezE+6YzL._AC_SX425_.jpg,,,
26,2,Home,leg waxing kit,https://www.amazon.com/Tress-Wellness-Digital-Display-Sensitive/dp/B07CRZQ9MY/ref=sr_1_5?crid=1KJKWTSKMQNTU&keywords=leg+waxing+kit&qid=1698444926&sprefix=leg+wax%2Caps%2C89&sr=8-5,$44.39,https://m.media-amazon.com/images/I/51G7l91YfjL._SX300_SY300_QL70_FMwebp_.jpg,,,
28,2,Clothes,Sanrio Pompompurin Bee Costume Portrait Sweater - BoxLunch Exclusive,https://www.boxlunch.com/product/sanrio-pompompurin-bee-costume-portrait-sweater---boxlunch-exclusive/20540286.html,$64.90,https://cdn.media.amplience.net/s/hottopic/20540286_hi?$productMainTablet$&fmt=auto,,,
28,2,Clothes,hooded robe hello kitty,https://www.forever21.com/us/2001248827.html?dwvar_2001248827_color=01,$34.99,https://www.forever21.com/dw/image/v2/BFKH_PRD/on/demandware.static/-/Sites-f21-master-catalog/default/dwb5d0346e/1_front_750/01248827-01.jpg?sw=1000&sh=1500,,,
28,2,Clothes,shiba joggers,https://vapor95.com/products/shiba-quest-joggers,$54.95,https://vapor95.com/cdn/shop/files/ShibaQuestJoggersFront.png?v=1715768384&width=1200,,,
28,2,Clothes,shiba hoodie,https://vapor95.com/collections/nemupan/products/shiba-quest-hoodie,$59.95,https://vapor95.com/cdn/shop/products/ShibaQuestHoodieFront.png?v=1672794445&width=1200,,,
28,2,Clothes,Sanrio My Melody Strawberry Patterned Cardigan - BoxLunch Exclusive,https://www.boxlunch.com/product/sanrio-my-melody-strawberry-patterned-cardigan---boxlunch-exclusive/20540067.html,$64.90,https://cdn.media.amplience.net/s/hottopic/20540067_hi?$productMainTablet$&fmt=auto,,,
28,2,Clothes,Sanrio Cinnamoroll Balloons Crewneck - BoxLunch Exclusive,https://www.boxlunch.com/product/sanrio-cinnamoroll-balloons-crewneck---boxlunch-exclusive/20897314.html,$54.90,https://cdn.media.amplience.net/s/hottopic/20897314_hi?$productMainTablet$&fmt=auto,,,
28,2,Clothes,Sanrio Gudetama Color Block Wave Crewneck - BoxLunch Exclusive,https://www.boxlunch.com/product/sanrio-gudetama-color-block-wave-crewneck---boxlunch-exclusive/20872878.html,$54.90,https://cdn.media.amplience.net/s/hottopic/20872878_hi?$productMainTablet$&fmt=auto,,,
28,2,Clothes,Cinnamoroll Strawberry Ruffle Dress,https://www.hottopic.com/product/cinnamoroll-strawberry-ruffle-dress/20546040.html,$32.94,https://cdn.media.amplience.net/s/hottopic/20546040_hi?$productMainTablet$&fmt=auto,,,
28,2,Clothes,converse,https://www.amazon.com/Converse-M9697-Low-TOP-Black/dp/B07KLTC8RF/ref=sr_1_2?crid=V3DQZT2ZDI8G&keywords=converse&qid=1695522588&sprefix=converse%2Caps%2C237&sr=8-2,$54.99,https://m.media-amazon.com/images/I/61AZsk982eL._AC_SX395_.jpg,,,
28,2,Clothes,My Melody & Kuromi Sweetheart Long-Sleeve Dress,https://www.hottopic.com/product/my-melody-kuromi-sweetheart-long-sleeve-dress/19508170.html,$29.49,https://cdn.media.amplience.net/s/hottopic/19508170_hi?$productMainTablet$&fmt=auto,,,
28,2,Clothes,Pink Vans,https://www.amazon.com/dp/B0949LJG92?ref_=cm_sw_r_apin_dp_3QT203XN0RG4MAKA3SH4&th=1&psc=1,$89.62,https://m.media-amazon.com/images/I/81jYjE8CzKS._AC_SX395_.jpg,,,
28,2,Clothes,Sanrio My Melody Embroidered Panel Crewneck - BoxLunch Exclusive,https://www.boxlunch.com/product/sanrio-my-melody-embroidered-panel-crewneck---boxlunch-exclusive/17608341.html,$54.90,https://cdn.media.amplience.net/s/hottopic/17608341_hi?$productMainTablet$&fmt=auto,,,
28,2,Clothes,Women Strawberry Sequin Dress V-Neck Embroidered,https://www.amazon.com/Embroidered-Strawberry-Waisted-Cocktail-Dresses/dp/B08R7JPZM1,$29.00,https://m.media-amazon.com/images/I/817960ObfPL._AC_SX569_.jpg,$0.00,,
28,2,Clothes,Ellie Fall Hoodie,https://www.insertcoinclothing.com/hoodies/ellie-fall-hoodie.html?store=the-last-of-us,$65.49,https://www.insertcoinclothing.com/media/images/products/scale610x1002/1464_1.jpg?c=1678449610,,,
28,2,Clothes,Jacket,https://www.uniqlo.com/us/en/products/E467410-000/00?colorDisplayCode=60&sizeDisplayCode=007&srsltid=AfmBOorczFBazmVK3PB2fhDdxm8j9VEGuhBmllHT2bl882vtAqIk6c78Duo,$39.90,https://image.uniqlo.com/UQ/ST3/WesternCommon/imagesgoods/467410/item/goods_60_467410_3x4.jpg?width=600,,,
28,2,Clothes,Pusheen Strawberry Sweater,https://www.fye.com/products/pusheen-strawberry-sweater_pid-clo6d3g3x000m01ln49rgfs68?_pos=1&_sid=6ef1a2335&_ss=r,$29.99,https://www.fye.com/cdn/shop/files/PusheenFruits-Crew.jpg?v=1707416680&width=493,,,
29,2,Makeup,ColourPop FADE INTO HUE Eyeshadow Palette ,https://www.amazon.com/ColourPop-Eyeshadow-Metallic-Semi-Sparkle-Super-Pigmented/dp/B09VGV7NJH,$33.74,https://m.media-amazon.com/images/I/71oXZJMvhkL._SY450_.jpg,,,
30,2,Plushies,thanksgiving potato plush,https://www.smokonow.com/products/tayto-potato-thanksgiving-mochi-plush,$32.00,https://www.smokonow.com/cdn/shop/files/PTK_Web_DSC09296-UPDATED.jpg?v=1695316484,,,
30,2,Plushies,gingerbread pusheen,https://www.amazon.com/GUND-Pusheen-Gingerbread-Squisheen-Stuffed/dp/B0BYPQRXFF?source=ps-sl-shoppingads-lpcontext&ref_=fplfs&smid=ATVPDKIKX0DER&th=1,$15.00,https://m.media-amazon.com/images/I/81Ja6zhPhjL._AC_SY355_.jpg,,,
30,2,Plushies,Tayto Potato christmas tree plush,https://www.smokonow.com/products/tayto-potato-christmas-tree-mochi-plush,$38.00,https://www.smokonow.com/cdn/shop/products/PTK_Web_DSC00947.jpg?v=1650999917,,,
31,3,Fitness,Smart jump rope ,https://www.amazon.com/dp/B076424262?ref_=cm_sw_r_apin_dp_AHNP6S29Z5ADQJXCH730&peakEvent=4&dealEvent=1&language=en-US,$79.95,https://m.media-amazon.com/images/I/51nZqyNDclL._AC_SY450_.jpg,,,
32,3,Food,Goodles Pasta,https://www.amazon.com/GOODLES-Pasta-Variety-Pack-8oz/dp/B0CPLVM5Y5,$24.00,"https://m.media-amazon.com/images/I/71nh5TUfNvL._SX522_PIbundle-6,TopRight,0,0_AA522SH20_.jpg",,,
32,3,Food,cotton candy cone dip,https://dippinflavors.com/product/cotton-candy-flavored-cool-cone-dip-zse2048s/,$57.70,https://i0.wp.com/dippinflavors.com/wp-content/uploads/2013/12/cotton-candy-cool-cone-coating-zse2048s.jpg?fit=355%2C471&ssl=1,,,
34,3,Kitchen,Kitchen aid pasta maker,https://www.amazon.com/KitchenAid-KSMPRA-3-Piece-Roller-Attachment/dp/B01ENK4TT0/ref=sr_1_2?crid=13FL9919PN59L&keywords=kitchenaid%2Bpasta%2Bmaker&qid=1689815963&sprefix=kitchen%2Baid%2Bpasta%2Bmaker%2Caps%2C175&sr=8-2&th=1,$229.95,https://m.media-amazon.com/images/I/71KZRx4vO2L._AC_SX425_.jpg,,,
34,3,kitchen,Rice cooker,https://www.amazon.com/dp/B00007J5U7?ref=cm_sw_r_cso_em_apin_dp_HN3K4VMBD1M8JWVDSBEM&ref_=cm_sw_r_cso_em_apin_dp_HN3K4VMBD1M8JWVDSBEM&social_share=cm_sw_r_cso_em_apin_dp_HN3K4VMBD1M8JWVDSBEM&starsLeft=1&skipTwisterOG=2&th=1,$194.00,https://m.media-amazon.com/images/I/61x9NkiKkUS.__AC_SY300_SX300_QL70_FMwebp_.jpg,,,
36,3,Home,Snowflake Wallflowers Scent Control,https://www.bathandbodyworks.com/p/gem-snowflake-wallflowers-scent-controlandtrade-nightlight-fragrance-plug-028009836.html,$15.00,https://www.bathandbodyworks.com/dw/image/v2/BBDL_PRD/on/demandware.static/-/Sites-master-catalog/default/dwf2619e7b/hires/028009836.jpg?sh=471,,,
36,3,Home,The Art of Horizon Zero Dawn,https://www.amazon.com/dp/1785653636/ref=as_li_ss_tl?ie=UTF8&smid=ATVPDKIKX0DER&th=1&linkCode=sl1&tag=sec2002-20,$21.99,https://m.media-amazon.com/images/I/71TSjss+kAL._SY342_.jpg,,,
36,3,Home,The art of uncharted 4,https://www.bigbadtoystore.com/Product/VariationDetails/135976,$39.99,https://images.bigbadtoystore.com/images/p/full/2020/09/8236b568-0c97-4dc1-a45e-e26d3ca332fd.jpg,,,
38,3,Clothes,pusheen bag,https://www.amazon.com/Pusheen-Rose-Collection-Drawstring-Bag/dp/B081BHQVH7,$44.90,https://m.media-amazon.com/images/I/41-f5yx2hmL._SX342_SY445_.jpg,,,
38,3,Clothes,Blue Pusheen Tracksuit with Hoodie and Joggers,https://www.mercari.com/us/item/m39698406177/?ref=search_results,$33.00,https://u-mercari-images.mercdn.net/photos/m39698406177_1.jpg?width=1024&height=1024&format=pjpg&auto=webp&fit=crop&_=1687977449,,,
38,3,Clothes,Calico Cardigan,https://leikya.com/en-us/products/calico-cardigan?_pos=1&_sid=81257d44e&_ss=r,$55.00,https://leikya.com/cdn/shop/products/ProductPhoto-19_1200x.jpg?v=1626546862,,,
38,3,Clothes,Christmas Magic Crewneck,https://umvvelt.fish/collections/crewneck-sweaters/products/christmas-miracles-crewneck,$60.00,https://umvvelt.fish/cdn/shop/products/CHRISTMASMAGIC_600x.png?v=1604169749,,,
38,3,Clothes,My Melody Cozy Kuma JapanLA Cardigan,https://www.japanla.com/cdn/shop/files/MMCKC01.jpg?v=1726076860,$100.00,https://www.japanla.com/cdn/shop/files/MMCKC01.jpg?v=1726076860&width=900,,,
38,3,Clothes,Cinnamoroll Mushroom Girls Woven Button-Up,https://www.hottopic.com/product/cinnamoroll-mushroom-girls-woven-button-up/20193512.html,$27.93,https://cdn.media.amplience.net/s/hottopic/20193512_hi?$productMainTablet$&fmt=auto,,,
38,3,Clothes,Creamy Angel Froggie Cardigan,https://duluduludesign.com/products/creamy-angel-froggie-cardigan,$64.21,https://duluduludesign.com/cdn/shop/files/Group296.png?v=1709596924&width=493,,,
38,3,Clothes,Harry Potter Deathly Hallows Cut-Out Sweetheart Dress,https://www.hottopic.com/product/harry-potter-deathly-hallows-cut-out-sweetheart-dress/20862538.html,$34.93,https://cdn.media.amplience.net/s/hottopic/20862538_hi?$productMainTablet$&fmt=auto,,,
38,3,Clothes,hibud overalls,https://yoyothericecorpse.com/collections/dress/products/hibud-dungaree-shorts,$132.00,https://yoyothericecorpse.com/cdn/shop/files/image_c1decf7a-4b45-47ab-b171-11f7830388cb_540x.jpg?v=1682972649,,,
38,3,Clothes,Lakko & Sakura Crybaby Hooded Pullover,https://umvvelt.fish/collections/all-products/products/jeanadraws-x-umvvelt-hoodie,$70.00,https://umvvelt.fish/cdn/shop/files/MOONJELLYHOODIE_39070baf-ca63-460e-92f0-859152da0383_600x.png?v=1683265386,,,
38,3,Clothes,Moon Jelly Pinafore,https://umvvelt.fish/collections/apparel/products/moon-jelly-pinafore,$60.00,https://umvvelt.fish/cdn/shop/files/MOONJELLYPINAFORE_caef5181-e7cd-46c9-938d-85be4ed34be0_600x.png?v=1683264616,,,
38,3,Clothes,Pastel Yellow Froggie Cardigam,https://duluduludesign.com/products/pastel-yellow-froggie-cardigan?pr_prod_strat=copurchase_transfer_learning&pr_rec_id=426a737e3&pr_rec_pid=7778478325923&pr_ref_pid=7778479177891&pr_seq=uniform,$64.21,https://duluduludesign.com/cdn/shop/products/froggie2.jpg?v=1658265484&width=493,,,
38,3,Clothes,Pink Crybaby Button-Up Shirt,https://umvvelt.fish/collections/apparel/products/pink-crybaby-button-up-shirt,$45.00,https://umvvelt.fish/cdn/shop/products/PINKCRYBUTTONUP_600x.png?v=1642885876,,,
38,3,Clothes,pusheen mini backpack,https://www.claires.com/us/pusheen-sips-printed-mini-backpack-295754.html,$22.00,https://www.claires.com/dw/image/v2/BBTK_PRD/on/demandware.static/-/Sites-master-catalog/default/dwf3203d25/images/hi-res/14827_1.jpg?sw=734&sh=734&sm=fit,,,
38,3,Clothes,Sanrio Cinnamoroll Wave Panel Women’s T-Shirt - BoxLunch Exclusive,https://www.boxlunch.com/product/sanrio-cinnamoroll-wave-panel-womens-t-shirt---boxlunch-exclusive-/20123182.html,$13.16,https://cdn.media.amplience.net/s/hottopic/20123182_hi?$productMainTablet$&fmt=auto,,,
38,3,Clothes,Scaredy Pants SpongeBob Pullover,https://www.notyouraveragebabe.com/products/scaredy-pants-spongebob-pullover?fbclid=PAAaZ3tKYs6HdHTsr__OWAWJWWKy1Ex94ao9PGIDHJU6KJ4N6y_MOKOaTp7dY_aem_AQ-exlbDAdmsBjp8jhmqatUpqeAan2VrUQKbhPcs_xWNnmliTvbJoNdb22VplI9pBGiWv43mM_4ImS56iwtoKkNg&utm_source=facebook&utm_medium=paid&campaign_id=23857182033130616&ad_id=23857182033040616,$37.00,https://www.notyouraveragebabe.com/cdn/shop/files/image_9459b5c8-b8ff-4bf0-8d93-1eba39fbb58b.jpg?v=1689345276&width=493,,,
38,3,Clothes,short ugg boots,https://www.kohls.com/product/prd-4535648/koolaburra-by-ugg-koola-mini-ii-womens-winter-boots.jsp?skuid=76908308&CID=shopping30&utm_campaign=SSC&utm_medium=CSE&utm_source=google&utm_product=76908308&utm_campaignid=20497523010&gad_source=1,$84.00,https://media.kohlsimg.com/is/image/kohls/4535648_Chestnut?wid=805&hei=805&op_sharpen=1,,,
38,3,Clothes,Sleeping Fishes Button-Up Shirt,https://umvvelt.fish/collections/apparel/products/sleeping-fishes-button-up-shirt,$45.00,https://umvvelt.fish/cdn/shop/products/sleeping_600x.png?v=1608066505,,,
38,3,Clothes,Winter Wonderland Crewneck,https://umvvelt.fish/collections/apparel/products/winter-wonderland-crewneck,$60.00,https://umvvelt.fish/cdn/shop/products/WINTERWONDERLAND2_600x.png?v=1670093663,,,
59,5,Makeup,BB Cream ,https://www.ulta.com/p/dream-fresh-bb-cream-8-in-1-skin-perfector-xlsImpprod4480195?sku=2247172,$9.99,https://media.ulta.com/i/ulta/2247172?w=1000&h=1000&fmt=auto,,,
39,3,Makeup,Bottle Blonde Palette,https://trixiecosmetics.com/collections/eyes/products/eyeshadows-bottle-blonde-palette,$48.00,https://trixiecosmetics.com/cdn/shop/files/BottleBlonde12-paneyeshadowpalettecrushpigment_2400x.jpg?v=1698443511,,,
39,3,Makeup,strawberry shortcake body glaze,https://www.tiktok.com/view/product/1729387547217662415?checksum=87c369ace0ea3e792c18bf824be999a44edb4f8079b9bc4d15888e8425d12ca9&sec_user_id=MS4wLjABAAAAe4ZYKeEf3XVF-KL7VfJrtvpa7xQqVhgtu6mHx4X6EQ-KuF1AG5UBxDtmgtPY6tQ9&share_app_id=1233&share_link_id=9E24AF71-41D7-4C1A-9BB5-143284D41598&social_share_type=15&timestamp=1693345083&trackParams=%7B%22source_page_type%22%3A%22product_share%22%2C%22enter_from_info%22%3A%22product_share_outside%22%7D&tt_from=copy&u_code=D8IGC2425G125H&ug_btm=b6880%2Cb6661&unique_id=enlightened_little_one&user_id=6745624884858061829&utm_campaign=client_share&utm_medium=ios&utm_source=copy,$25.00,https://p19-oec-ttp.tiktokcdn-us.com/tos-useast5-i-omjb5zjo8w-tx/0b1405aaf6334ad39bf3aab7476c6efc~tplv-omjb5zjo8w-resize-jpeg:800:800.jpeg?from=1826719393,,,
40,3,Plushies,butter the potato plushie,https://fluffnest.com/products/butter-the-potato,$45.00,https://fluffnest.com/cdn/shop/files/Butter_7c8c3d3c-3222-4d35-9071-0b2ac28b6a6d.png?v=1699849693&width=493,,,
40,3,Plushies,Cosy Pusheen Plush,https://discowaffle.com/collections/pusheen/products/cosy-pusheen-plush-23-cm,$26.67,https://discowaffle.com/cdn/shop/files/cosypusheen.jpg?v=1692352542&width=1200,,,
40,3,Plushies,IT’SUGAR Exclusive Pusheen Snackable Take-Out Plush,https://itsugar.com/products/it-sugar-exclusive-pusheen-snackable-take-out-plush,$29.99,https://itsugar.com/cdn/shop/files/5.jpg?v=1698169117&width=5000,,,
42,4,Food,PB sauce,https://www.amazon.com/gp/product/B00I3303L2/ref=ewc_pr_img_1?smid=ATVPDKIKX0DER&th=1,$19.70,https://m.media-amazon.com/images/I/41JsTg6KUjL._SX300_SY300_QL70_FMwebp_.jpg,,,
42,4,Food,Vanilla bean paste,https://www.amazon.com/Vanilla-Bean-Paste-Baking-Cooking/dp/B07JFLXZQV/ref=sr_1_5?crid=1ENXVAVYTD2PT&dib=eyJ2IjoiMSJ9.NK94jZq13hHZWOA0PoAOBxcYptrKKhdubq-eL8in-ZepISVpMBoFERJlv3TFPA7Jd7W-WbYV2Q4cQai7iD90XItqahCQbqWy4MSbQdBIIqGWBW30L4IzfXiABTrB84OEd9R_UvQDE--u91zirPsZWF17o1l_jFP3B7JIcyG9FGaRhUutWzBDq0mFV2JeOsI-HcLxTSh3bVtbfTZKK9bgdFCHqWCZhl7FHNQqLSjNVt1Z-pJsvbDxErA6lL6Q8euiUzTQy_pttfWeiYyCLOvKHnHakdCU-EM9tZ4jIC5TvqU.g83IW2CgTmpWQ1o7ggExT-EBjDL28vezm-hOstdTqjE&dib_tag=se&keywords=vanilla+bean+paste&qid=1722043505&sprefix=Vanilla+bean+paste%2Caps%2C120&sr=8-5,$14.24,https://m.media-amazon.com/images/I/41mGwlHTcmL._SX300_SY300_QL70_FMwebp_.jpg,,,
46,4,Home,Gyroid planter,https://www.etsy.com/listing/1642796880/lloid-the-gyroid-planter-gyroid-gift?ga_order=most_relevant&ga_search_type=all&ga_view_type=gallery&ga_search_query=gyroid+planter&ref=sr_gallery-1-1&pro=1&sts=1&content_source=f0e0a75cab33a51fed628d8076c44bd1faaa734d%253A1642796880&organic_search_click=1,$8.97,https://i.etsystatic.com/36995418/r/il/9e130d/5717833587/il_794xN.5717833587_e0nx.jpg,,,
46,4,Home,Whale Tumblr,https://findcomo.com/products/como-tumbler-handle-straw,$39.99,https://findcomo.com/cdn/shop/files/1U157652_949d0b53-1ea5-4926-9dc7-e5c335964dbe.jpg?v=1737029994&width=990,,,
48,4,Clothes,Sanrio My Melody Winter Icons Holiday Sweater - BoxLunch Exclusive,https://www.boxlunch.com/product/sanrio-my-melody-winter-icons-holiday-sweater---boxlunch-exclusive/20787305.html?mr:trackingCode=01E3A3B0-C337-EE11-811D-0050569428E8&mr:referralID=NA&srsltid=AfmBOooNj40HwIpfawWyU3xdeno5meT62YkDDWA7X2tmOOztnuUS26h4Kh8,$59.90,https://cdn.media.amplience.net/s/hottopic/20787298_hi?$productMainTablet$&fmt=auto,,,
48,4,Clothes,A home for flowers sweater,https://www.omocat-shop.com/products/a-home-for-flowers-sweater,$60.00,https://www.omocat-shop.com/cdn/shop/products/210320_Omocat_2964_new_550x.jpg?v=1621462194,,,
48,4,Clothes,Animal Crossing Cherry Blossom Purse,https://www.etsy.com/listing/903368318/animal-crossing-inspired-cherry-blossom,$155.70,https://i.etsystatic.com/20350683/r/il/7186e1/3987300275/il_1140xN.3987300275_6q3g.jpg,,,
48,4,Clothes,Loungefly Sanrio Hello Kitty Breakfast Toaster Crossbody Bag,https://www.gamestop.com/clothing/bags-wallets/crossbody-bags/products/loungefly-sanrio-hello-kitty-breakfast-toaster-crossbody-bag/409906.html,$74.99,https://media.gamestop.com/i/gamestop/20013304/Loungefly-Sanrio-Hello-Kitty-Breakfast-Toaster-Crossbody-Bag?$pdp2x$,,,
48,4,Clothes,Loungefly Sanrio Hello Kitty Breakfast Waffle Mini Backpack,https://www.amazon.com/Loungefly-Sanrio-Breakfast-Backpack-Standard/dp/B0C6SYCCGW,$99.00,https://m.media-amazon.com/images/I/71x0jRSL1QL._AC_SY450_.jpg,,,
48,4,Clothes,wah sweater,https://www.omocat-shop.com/products/wah-sweater,$65.00,https://www.omocat-shop.com/cdn/shop/products/ina_sweater_1_d6b872f7-a612-4766-b344-81a27ca62157_550x.jpg?v=1638571618,,,
51,5,Fitness,On Running Shoes,https://www.on.com/en-us/products/cloudflyer-4-71/womens/peach-aloe-shoes-71.98669,$100.00,https://encrypted-tbn0.gstatic.com/images?q=tbn:ANd9GcSXPTiORUWGFLu629YcJ0ZlHdH5RCaArroqTZraEMgF4eyY_9d4,,,
53,5,Games,"Cordyceps flyer, The Last of Us 2",https://www.etsy.com/listing/1073128114/stages-of-infection-cordyceps-flyer-the?ga_order=most_relevant&ga_search_type=all&ga_view_type=gallery&ga_search_query=the+last+of+us&ref=sr_gallery-2-18&organic_search_click=1&pro=1&sts=1,$12.69,https://i.etsystatic.com/24433473/r/il/1ea617/3338057782/il_794xN.3338057782_budl.jpg,,,
53,5,Games,Ellie Birthday Tape,https://www.etsy.com/listing/849757265/ellies-birthday-cassette-the-last-of-us?click_key=e9856795c09c7739e3e0be26f3ce38ee1af966b5%3A849757265&click_sum=1e39c154&ref=shop_home_feat_2&bes=1,$20.00,https://i.etsystatic.com/20947389/r/il/b1883b/2498220171/il_794xN.2498220171_6q31.jpg,,,
53,5,Games,Ellie Statue,https://www.bigbadtoystore.com/Product/VariationDetails/117176,$49.99,https://images.bigbadtoystore.com/images/p/full/2021/11/11838e53-c2a4-430a-a580-4b0385ac7719.jpg,,,
53,5,Games,PS3,https://www.ebay.com/itm/314123677299?epid=10056770758&hash=item49233aee73:g:1aUAAOSwgV9jC9SH,$174.99,https://i.ebayimg.com/images/g/UmEAAOSwYThjwKwD/s-l1600.webp,,,
53,5,Games,racing wheel for pc,https://www.amazon.com/Logitech-G923-Racing-Wheel-PS4/dp/B07PFB72NL/ref=sr_1_3?crid=27DNWH4KRN6IU&keywords=Logitech+G923&qid=1688585649&sprefix=logitech+g923%2Caps%2C123&sr=8-3,$272.00,https://m.media-amazon.com/images/I/41fb7n8ZnLL._SX300_SY300_QL70_FMwebp_.jpg,,,
53,5,Games,Savage Starlight,https://www.etsy.com/listing/1090164602/savage-starlight-book-1-termination?ref=ap-listing,$25.00,https://i.etsystatic.com/20947389/r/il/7809c6/3455031406/il_794xN.3455031406_9b1g.jpg,,,
56,5,Home,Fun Cups,https://umvvelt.fish/products/fun-cups-series,$10.00,https://umvvelt.fish/cdn/shop/products/CUPS_1194b334-dadb-4b5a-95c9-67a4a68502ca_600x.png?v=1604686376,,,
56,5,Home,Pink Pigs Plush Christmas Wreath,https://42shops.com/products/pink-pigs-plush-christmas-wreath,$19.99,,,,
56,5,Home,recliner gaming chair,https://www.amazon.com/POWERSTONE-Recliner-Ergonomic-Footrest-Recliners/dp/B08KGBLHM2?source=ps-sl-shoppingads-lpcontext&ref_=fplfs&smid=AZ14DL23PLFF6&th=1,$269.99,https://m.media-amazon.com/images/I/61Opto2nemL.__AC_SX300_SY300_QL70_FMwebp_.jpg,,,
56,5,Home,Bath Spa with Dual Jets for Tub,https://www.amazon.com/Conair-Portable-Creates-Soothing-Bubbles/dp/B0BSYJZ329/ref=sr_1_2?crid=LK71P81DQNZ&dib=eyJ2IjoiMSJ9.DyiYmmCH5skg-1mUw0t8j89VN1E7G_9stK3dSALenBIYJ4Y7HqwH1Y4h8GWcimuBZ4r5_mA7e-N4AWz7iqgEHcG9KVd_cYVE6SWcGAAM5WBNoGtQyXy2aKrpAhkq0uqudZE5QMudgICy30ivgniCsBPW5CyHn9r2tmM8k1GlN3kOSuS3csb5UdEV6tP26Zn6r6B6dalCdO6PVDzWV6TNIfFuCFQQUOM5rWTCKsZ0i9SxCYgZmSc42l29MEaeq6h2HEzEUI0D97LxGTvOItX1pmmmU60eTX9sbGvQ5Y5gxiE.5OXssWnI23CbTJXQ3N7nI6F3D9WhatdEVXaKXjKp-vo&dib_tag=se&keywords=bath+spa+with+jets&qid=1722045940&s=beauty&sprefix=bath+spa+with+jets%2Cbeauty%2C125&sr=1-2#customerReviews,$69.97,https://m.media-amazon.com/images/I/61Mm6686PqL._SX450_.jpg,,,
56,5,Home,Custom ACNH Character Figure,https://www.etsy.com/listing/1188208126/custom-animal-crossing-villager-figure?epik=dj0yJnU9emJNQXhaSXQtd2ZKQ0J2N0g2aFdleW1MSC1DRms2cDMmcD0wJm49dkRDaEgyUldTZkR4eUpGRXBsMV93dyZ0PUFBQUFBR1VjdFdz&variation1=2529770254&variation0=2529770252,$65.00,https://i.etsystatic.com/29473386/r/il/12b8d0/3758784462/il_794xN.3758784462_qdsl.jpg,,,
56,5,Home,Evolve Photo Book,https://shop.imaginedragonsmusic.com/collections/merch/products/evolve-photo-book,$85.00,https://shop.imaginedragonsmusic.com/cdn/shop/products/ID_HardCover_Book_2.png?v=1614275782&width=600,,,
56,5,Home,pretty patties ,https://www.zencreations.store/product-page/pretty-patties-8-x-12-wall-decor,$60.00,"https://static.wixstatic.com/media/a14ce0_9da2ea0666064fba8c1e3abb4b7e8077~mv2.jpeg/v1/fill/w_500,h_667,al_c,q_80,usm_0.66_1.00_0.01,enc_auto/a14ce0_9da2ea0666064fba8c1e3abb4b7e8077~mv2.jpeg",,,
56,5,Home,pusheen cross stitch,https://www.amazon.com/Pusheen-Cross-Stitch-Kit-Miniature-Editions/dp/0762492279,$9.86,https://m.media-amazon.com/images/I/81Hf5k+K12L._SX445_.jpg,,,
56,5,Home,Signed TRF Merch,https://shop.trf.org/collections/trf-merch/products/autographed-imagine-dragons-postcard-set,$75.00,"data:image/jpeg;base64,/9j/4AAQSkZJRgABAQAAAQABAAD/2wCEAAkGBxITEhMTExIVFRUXGBgVFxcWFRUWGBUVFR0WFxgdFxUYHSggGBolGxgWITEiJSorLi4uGCAzODMtNygtLi0BCgoKDg0OGhAQGy0lICYtLSs3LzArLTctLS8tLS0tLSstLS0tLS0tLS0tLS0uLSstLS0rLS0tLS0tLS0tLSstLf/AABEIAOEA4QMBIgACEQEDEQH/xAAcAAEAAgMBAQEAAAAAAAAAAAAAAwYCBAUBBwj/xABEEAACAQIDBAcFBgUCAwkAAAABAgADEQQSIQUxQVEGEyIyYXGBFHKRobEHI0LB0fAzUmKC4SSSQ4PxFRY1U6Kys8LS/8QAGQEBAQEBAQEAAAAAAAAAAAAAAAECBAMF/8QAMBEBAAIBAgQEAwcFAAAAAAAAAAECEQMSBCExURNBYfBxgcEiMpGhsdHxFCMkQlL/2gAMAwEAAhEDEQA/AKXERPuskREBERAREQEREBERAREQEREBERAREQEREBERAREQEREBERAREQEREBERASfBYSpVdadJC7toqrvNgSfkCfSQS0fZl/4nhv8Am/8AxVJm9ttZlXBw2zq1So1JKTtUXNmQKcy5O9ccLbvPSbOzuj2Lrp1lHD1KiXIzKNCRvsTvn1Po0aOLxNTG07JXRKlDE0x+I6CnUXzCW+X4deFsE0/+xcL1hxoHX1LexfxL/ed/+j88s5/6ie3b6ij4jYeJQ1A9CoppKr1Lr3EckKx8CQ3+08jNcYCqaRr9W3VBshe3ZDnW1/h8RLl0XxiDaNXDucQaGKpnDn2r+NZl7Of1zqPBxO8mDVKA2IcpqthXrFr6e1ZusVb8gQT5KJba01nEx2/DzHy6tgqipTqMjBKmbIxGj5TZrHwM9GAq9Ua/Vt1QbIXt2Q51tf1Hxlj+0auq1qWEQ3p4SklEeNQgFz6jIPMGWDoljaFPZOXEC9GtiWoVD/IHQEOPJlU34b+E1OrMUi2Oo+eLgKppNXFNuqVgjVLdkMbWBPPUfEc50qXRHHsAwwlUggEHKBodRoTLjt/E4c7GxVDDdqjh6lGkKmn3z5qbu+mlizH4G2lpv9LjS62nnbaobqKdhgz9z+K1/wCvn4ZZjx7eUd/p+5h84wPR3F1gxpYeo4VijWXuuu9TfiOImnjsDVov1dWm9N9+V1Kmx3EX3jxEvvR0KdkMKuLfCXxhBqqKhOYqoytkIIBN7kmwtrOviyi7T2Xhq2d+pptlr1bHr6jqMhBub2ZeOuYjwJePMWmMd/yHzqv0YxqU+tbC1Qlrkldw5le8B5ic+vg6iJTqMjKlTMUYjRwhs1udiRLTj22wcTiAPas33mYLn6vq9e7fsZcu62vLWdPGjA/9mbM9sOJAyVsns/V/zLmzZ/7bW8ZrxZjGcTnt8BRMZgqlIqKiMhZQ6hha6NfKR4Gx+E15dPtVy+04bLfL7JSy3tfLmq2vbjaUueunbdWJCIibQiIgIiICIiAiIgIiICIlh2B0RrYrD166EAU7hVIN6rKudlXkbW9TM2tFYzIr0nwOMqUai1KTlHW+VhvFwQfkSPWb2yNhviKOJqo6/wCnRahTXM6HNmK+QUmMNsN2wdbGFlVKbrTAN71Ga1wvkGB+PKSbV6T8FauB2lWosz0qrozAqzKdWVt4PPn56za2Z0kxeHTq6OIemlycotYE77XBtNzAdEq1XBVcarLlTMQljmdKdhUYHkuv+0+F9LZexGr0cVWVlAw6o7A3uwcsNLbrBSfhJM0nOcCDG7Wr1qq1qlVnqrlyud65DdbW3WOvnPW2xiDX9pNVuvvm6zTNcDLutbu6Wta0m2vsVsPTwtRmVhiKXWqADdRpob7zZh8/V0b2I+MrrQRgtwzs51CIu9iOOpA82EZptz5Dn4iszszuxZmJZmO8sxuSfWSe3Veq6nO3VZ+syX7Oe2W/nab1fYNRMb7ExAqdatLNrl7ZGVudiGB9Z28R0D1qpRxuHrVqSszURdXsmjcTqLgcrkaiJ1KRjIqyY2oKT0Q5FJ2DMn4WZdxI+HwHITrUumW0FAUYuoAAAO6dBoNSLmauI2KyYOhi86lKzvTC2OZShYXJ3a5W+XPTa6NdG/akr1Gr06FOiELtUBI7eYDdaw7PzElp08Zn9BzKu0qzI1NqjFGqGsyk6NVOhY8yZ5idoVai0keozLSGWmCe4ptovwHwHKbm3dlUqGTq8XRxOa9+qv2LWtfeNb/KbOyeilbEYStiqRDdUxU07HOwCqzFfIMNONj4Xu6kRkQ4jpVjnp9U+KqslrEFtSOTOBmYc7nWc6vjajpTpu5ZKeYU1O5A5u1vMgTdqbDcYOliwwZatU0VQAlrgMQfG+Ui3lz07idAyMlOtjcNRxDgFaDG7XbuhmB0JOmgPheTdp1/gVfG46rWKmq7OVVaaljeyLfKPIXPxmtO/R6J1ycarFUqYRBUambkuupJQjhlF7/1DnpgnRiqcAcfcdWHy5bHMVzBM1+Wc2t4EyxenlPuRw4lnwPQ2pUbAoayIcYlSogKklFRc4J55l1G6VzEUsjul75WZbjccpIuPhNRes8oEcRE0hERAREQEREBERAGfUX27gMCcJQLYh3wgzlsP1RpPVrL95mzG7aM2g3Bue75dE89TTi/VV5pYqjgNrlkdGw1XvZSCoo4ixsbaAK1jb+VRzmHTgUqfsuzMNUU06ZzMxYZetrMcpduGVWOvJ/CUmAJmNLnE56e8j6u3STZuGxNGiDiCMMhwuZeqNBlqZOsZ7nM3aCljzTjx4mEw9LC09uUBVQrlpCkc4OZSahUA37RAdQfGUOLTMaER5+85Mvom1NhtjcJs00a+GHVYYI4qVspDEJpYA7spvNfYnsmDwWI9pdnfEu+GIwzU2daVLMHILGwVjfXiGT0odol8Kcbc8h9I2pjcNiK+zMdSqEZa9PD1RWZBU+7YMruFNt2Ylv6l3bpYKtS1bEnENs6nhKgqK1Si5TFMrd27qe0x4858XgCZnh8+Yv2E2UcXsjCUqVagr061ZmFWoEIUtVtoAdbMp9ZtdB8M2HXaWHz4R61qGUVXD0HPbJvuLAXF+RtPm5EWmp0ZmJjPKefT1yLR04w1ZWpPVXArcMoGC0Gljd13310M6HRvbjYXZdR6VRRVXGKwQkdtSlMEFd5UgMPTmJRwImp0s1isj6Z0l2zhPZMDXw4FhjVxLUbjMjAO9RcvDtenaFtCJq7d6MpjcS+Mo43DjD1Sru71Mr0rKqsCpG8AaXItuNrXnz2LTMaO37s9x9DfpZSbbQrKR1DKMKzHQPTbQsb7lz5Tc8FvOj7fQXFDZIqf6T2U4UtcfxmGfPn3Ztw94z5XFpJ4ePy9yZX7E7V63bVI0GpBKB6ml1j5KeWkjhu0AdCS4BAN+zKJVUhmBIJBIJBuCQdSDxBmET0pTb07YCIieiEREBERAREQEREBERAREQEREBETmbV2qEFkILHjvA/UzF9SKRmRu4jFIlszAX4cfhCYtD+Iept9ZTxULMWYknfrvMnTEW3634f4nFPF2zyhVvBicDCbQK2I7g3ryG825Eb/jO8rAgEbjrOrS1o1IHsRE9kIiICIiAiIgIiICIiAiIgIiICIiAiJqYnaKIbXu3IcPM8Jm161jMyNuR1MQimzMAfE2/6Tj1tpO245R4fr+k0iQfr6zkvxn/MJlZuvT+df9w+t5FUx1MfjHpr9JXQ5HADxsJNVwlQUlrZfu2OVWBXUjNpYa/hPCec8ZbyhW1itrk6J2Rz4+nL5zjrSNWqqLvYqi3OlzZRc8rw78OMgRiGBBsQbjzG6c972tObSsLzisLRFB6QpsaSLmGRsr1KlNiRWu6m+ag1XskDKcPUWykGVbauy2o9WxzGnVTrKTsjJmXdqDoGHEAkWIIJBBn0Kt0swti+5SLkmqrvUL3Lr1Y+9RwLLmzKDa18oVpQukW3KmKql3LFRcIrG+UE3Phcm5NvIaATI51OpYiWLYNYlCp/CdPIgH63lZvOtsfFZC1hcEgctwtPTR1IpeJklY4muMan4jl96wHxmtW23RX8Rb3R+ZsJ9LxtPGco6MTk/wDeGl/K/wAF/wD1J6e2KJ/HbzBH5WiNbTnzVvxMadQMLqQRzBv9JlPSJyhERKEREBERAREQEREBERAhxlfIhb4eZ3Sqtox8f2fnednb9XVF82P0H/2nIcz5nFX3Xx2GRnomKmZZTa9ja9r20uNbX3XtracwyB0kdQ6Xmc8Mg63Qno4cbWa+bqaSirWyC9QpcDLTX+ZibXOii5O6fb8RsjC4mj1SIlWkq3Wi1gaNMdkdWpNjoe9TKk275Jn51WuyOHRmR1NwykqynmGGoMtmA+0CsAOvU1XUhhURuqqORu60qO3w7Qs1rglgbRLUNf7QujdLBVKXVVMy1Q7dW189II2UHtAEoxuAWUHsMNbXNT05za2lj3r1XrVDd3NyfkABwAAAA4ATWVIHqr/iSmrkWw0YnfyH6mS0Fygk8vlOfUe5vCDMTqST5zwGeRCs5iTPJ7Ayp1CpupIPMGxli2FtMuSjm7b1PE8x5ytSShVKsGG8G4nrpak0tkXqJHhq4dVcbiL+XMSSfXicxmGSIiUIiICIiAiIgIiIFe2y16p8Ao/P85pWm3tcffN/b/7RPNn7Pq1TZF0vYsTlRSebHS9tbC5sDYGfG1fvz8RqtOq2MakKSoQUakpZGGZKhZmZsynf2tL7xl0IjE06GHLIwNeqNO0Hp0kPlcO7fAa+Guvg6lN6fV1HyFLmm5VmGupRggJAJ1BANiTzmazhYhs4fA067gUXFNif4dUsR/y6iqS/IKRm97fMKlHDoSGes5BsQtNaQBGhF3Ja4PNBIq+yqqAtlD0xe9SkwqIAOLMt8v8AdYzap49KoC4m5IACV1GaogGgFQf8ZPPtDgSOzLmOxhoucP8A+VV8+vS/w6m0wXCUnIVGqqx0AZA4J4ANT7XwUzYx2z3pZSbMjdyohzU3tvytbeOKmzDiBOl0XwVRziDTBuKFRVI7xqMMyrT4l2RKgsNbZpN3dY64czEdGcWmcvQZQgLMxtlyjj4jdumnTo21O+WfadkwXUK+Y0ayJWIylCai1nVEYC5p03R+Ni7Mw/DK6Zkt6NXGVNMvr+/3wmlM6z5iTMICIiAlq6P0adWjlJAyA5rqrFczaEZ7jW4Gg4a37JFVnoMDY2kyGrU6tQqZjlAJIC301M1oiB3OjWMsTTO46r58R6j6SxSh0nKkEbwQR5iXfCVw6K44j4HiPjPo8JqZjbPkkpYiJ2IREQEREBERAREQOHtoZaqNYG4Bsb2OU6g24Wt8Zni9vVGUJSHVIN1soc89VAC35KB4kzY25RugYDVT8jv/ACnHBCjUC/jr8eU+VxFMakiAqeCknyPznS2RsCviFY0kZmU9yxGYad1joWH8ptpa1901hXsvMcARw8Jg2LzaMqkcrbvI8J4THLk1Ex5tsYPFUGz9ViKLD8QSrSI/usCJONr06mmIoo7HfUpZaFW5OpOUGm595L+Mx2b7STahUqCwJP8AqVoqF3KQWZQLEi+vLnOzTxmLACvtTDm5tapVbFC55sKVRVHiTaeU3xy9/VUWyMNdiuExFN1fWpQxSikCi9omoCTTcIoLZ0cOoBIAm3szFI+Lp9R91g8M/WEnNqrEKzPc3apU0pqDqBlHBjIdqNWULghTpHF1TlrdTRoUiAxBSgWpKAxuA7nd3RfRr5UUpoE1vg8PUFR6m4Y3FpuWkT3lB7AtoqZ3Ni1pjxOWffufIc5MN1VDH0iQerq0Kd+bU3rrcegaV/F1NLc/pO7iXb2TM+r4nEtVJ5rQUi/rUxFT/YZWa73b5CetJzlEUlGHa17f9PKXPo70aC2aqoL6kA6heWgOp4/Cbm1sE5713uQBpoDu00uOU7Y4S23dPIfO4lh2nsRh2gDbW+mqkAE5reGt5walMjfOe9JrOJGEREwE6G0cLZKTjcygH3h+o+k58soodbhFA1IFx5qSPpeeulTduj0Fand6NYuxNM8dV8xvHw+k4UzpVCpDA2INx5iZ07zS0WF7iQYHEiogccd45HiJPPsxMTGYZIiJQiIgIiICIiBobZxOSnpvOn7/AHwlXpqSQBqSbep/zO70lOiDz/KcSk+Uq1txB87az5nETnU5q2BhGtclQvBswsfdtv8ASR1sOyqGuCrbiDv9CAflOzh6Klt6kPy7Oe2puuqtbwXTwMg2zlFMKulmAsCDbRiR7wzC/n8JOlERMq5lKpw+Hgf3pLXsLZjUXpV2VKhd6YwiE3SvWcizNbXq6dwWGhzZV5ymgSxbB26+FcMFWpTzir1b7g43Mjb6b8Mw3jQgjScWvW00nb/Pv3jqRhYdo7aSklSth6VFDVq1KVKr1S1HanSVevqM9XOSarVALHcC4NzrK3nxGMrIjVDUqN2VLnsou8+CIACxsAAATOli6eEq4ahTpYpaZpPWOTEpUVglXqyBnpI6uQVbUWuCNBumniMXSo03pYZmqNUGWrXKmnenoTTpKe0EJ7zNYtYCwF78+jWKx9mPtc4zMT8ufw8s81lq9IsajNalfqqaLRokixKLc5yODO7VKh5F7SLodgBWxVNCCQLv6qLi/hmsPWc3GtuHrLL9lla20aK5soqB0P8AV2WZVPmwX1AnbpRFZiGZfTKWzjfd4SHHYAXUZS28mwva1tRxuDy118Jd6OzxxEgxmy8ymwNx2hYkG41sGGovqPImfUvxETyIl80xeFAqXYZlO4jTtLzPDfY+Q3a24uL2GKrE2KjjZL8F1At2h2h+us+g19kNWZmAApixJZrWsN7dnVuV7236gi8ibH0vlN7neCbaXsfHUfAcp5xMX5S1l8W6QbI9nKDMpz33X3LYag7t/PhOKZZ/tEb/AF1RNLUglMeihj/6maV0Kml2379L2nFq43zt6Ihlu2AfuF/u+plSMtHRpvuT4OR8lP5z24Sf7iS0OkOz8p6xRoT2hybn5H6+c4svlRAwKkXBFiPCU/aeBNJ8u8HVTzH6iXidHbO6Og2dgY3I+Unstp5NwP5S0yhCXTZtfPSRjvI18xofmJ6cHqZzWSWzERO5CIiAiIgIiIHH2+jG3ZJFt4G7zPDhOE62Px+Uu0peNuHcX3MR8J8/idPbO7uJcNinp6qRbkd378ptYLZ2JxRy0KD1baWpoxVSdTmbcL8yZJ0Mo0qmLprWUODmyqxOR6gUlA9iCVLACwOpI4Xn2jAV0pBKVd6dMJa6qFqOFt3koBTTprc71Vhuu2k4p1P9W4ryy+EbU2dWw9U0q9NqdRbEq2+x1BvuII4ie4W7lV0BOgvun0z7VsBSr4dMXQVz7OwoVWbJZ0rFnRlZWIOV8y5RqM+4AT5UrW1Hp4ESxKLBR2MfxsPJbn5m07mH2BRNGmyIz1XrNSALXuAtMiw01u+/9J7s7DGq6ILAsRqdyjeSfAC59JYsTg62HosqoSFZytQb8tVVVzkHdZQmQk7r3HAnvtTSpMR5+qYfMOldFExL00sQmVCV3FwBny+Aa4B42vxk3RvAsHSvcrkYMlt+dTcH0I+Ineq0VYWZQR4gGSUqYUDSwG4fvhLXhcXzPOB9C2X9oChB16sH5otw/jYEFT8vHhNip9pGDUFj11gCSBTY7td7cJ81Y3nmIp3Rl4spFuVxbXxm78PWecI7O2/tbTtey4WxJDZ6rHLm4nqFOUtoO1e8quG+0XaKsW6/MTwZKRW9wdwTkCPXwnGXYNb+kf3fpMX2HXB7oPiGX8yJw7NTtLTUx2LerUeq5u7sXY82Ykn5mQTojYdf+QD+5fyMzOwa39P+6Z8K/aRy5aOjP8I++fos4zbHrj/hn0Kn6GWHYtBkpBWFjc6es9+FpaNTnCS3prbQwYqplOh3g8j+k2Yn0bVi0YlFKxmDak2Vh5HgR4SybADClZlIsTa+lwdd3neb7UwSCQCRuNt3lMpz6XD7L7olSIidKEREBERAyVbzIKOfwH6zx9NOW/z/AHpPE3jzEg8MrHSChlq34ML+o0P5H1lnbfNbG4Naq5WvpqCN4M8tfT31xCqhQrMjK6nKykMp5MpuD8RLtjttCu/W4bC9WXIqO1Zs6LUst+qp2s1iLhmve50E0MJsekhvYseba29N06E5acFmc3XdMIcZTr4m3tOJq1gNQhbLTSwsMtMdlABpoBvnlHZtFCLKLjja/wA2M2n009T5/wCP1mInXXSpXpCNvZtfq6ynSwOUk20B7JOvnLdj9sZFFxlA4fivbdqNQd3kN9tBSKm8+ZnpJNixJ4AE8B9BPLX4WNW0TMtVth67XJYgC5JCjQeluEjY3hjeZ7vP6f5nT0YN3n9P8zAawBeZE20HqfyEo9bS447j+gkczq94+ZmBgZVBYkeJmMzq95vM/WYQJGUXIufhp9Ziy2ntXvHzMUzw4H5HgZBhE9nkokqpY6ajd/1kckdrMfP4zFl4jd9POB4BeZWHP4D8zB0Fuep/L9fWYQNn2ccz8J5JomMyNNV4nQfvdM6Viyi28gak8/C0xqb7ctJ7Q7y+8PqJoYsdT5z2l3h5iYmZUu8vmPrA9ci504ncT+d5iy8RqP3vipvPmZ7S3256fp85RhPZ5PRA6GDwIqCo5L2VgLU0zt2r6kXFlFpGNnkoXp5ntUKWCHda+YjePKeYfEIhbMjE30ZKjU2HhcA6el/GTV9pswbTLnqdZ2WI4ZbeXG/Ezlt42+cdPl/LfLCStssK9Qu5CJkJOXtM1QXChb+et+ExTZqu1MrUJpvn7WWzKaalipW9t1ra8YxG071KudMyPlDLmIN6Yyhg1tDv4cbQm0wjU8tPKEzZVzEnM4ILM1tW3aW0tPP/ACMeuPTHT9c/I+yhxWFVEWojFgxKjMuUqVsTpc33iStgafVdYHqXJKgFFF3ADby+7Ua/KQNi2Yg1C1RrELdj2b7iPXW36zFsT931f9ZctfmAtvlvntt1MRGfP06e/gmYb1TZaqXQO3WKmc3QZLZQ5AcNpobXt4SKvs5FQMTVJKK+lIFAWFwC+b52meN2w7NVVgSjDKEzGylAAGXlqLkcb+s08VjncKLsoCKmUMbHKLXtu1nlSvEct0/p+3vuszVnRwqkPUdiqK2XQZmZjc2UXA3Am5kybMUspFQmmyO4bL2h1YJZSt9/rbWYDGqDUQ0702IOXOQVZdMyvbjc6W4z1dqlWUomVUR1QBjcGoDdi9tWuQeG4bpq/jTM7fpjp+Oc/IjCR9lhmQo5yuzgl1ylcgzMdCbrbiPKa2Kw9MIGRqhF7dqnlB36qwJHDcdZPV2s+dGIzPTzLmJJzobjKw8iRfx8JFXx6mmaaIyqSCc1QvbLewUWGUXJ53ivjxMZ+nefpjB9lqVe8fMzAyTECzMPE/WRmdbCavbMwtxO4m+/xkbLpcbvmJJjBao4/qb6mRobHw4+UgzrC5JHPUcv8TBWt+98yq3DHmCZ4wuLj1HLy8IGVddTbdu8rcDIpI7WY+fxmLLxG76eco3Ik/UjnEwOWZnQ7y+8PqJhM6HeX3h9RNjAzKl3l8x9ZiZlS7y+Y+sg8qbz5mE3iKm8+Zhd4lB95ngnr7z5z1BxPoOf+IGTDUk8zYc/8TC9zPap7R8zMl0tz+n+ZBlX0Zudz6a/WQgXmdfV294/Uzy9tBv4n8hAzraEgb72J8tLCQyTEd9/eb6mRwJcT3394/UyKS4nvv7x+pkUozq94+ZmBmdXvHzMwMCR1uzcrnX1MxJHInzNvkP1kmJ7xHIn4nf+npITIJsYPvH95vqZCZPjf4lT32+pkBiBPjv4lT3m+pkBk+O/iVPeb6mQGIEuK77eZkYNpJie+3mZEYgT4pRma3Am45f4kKtb975LiDZ28zMGFxceo5eXhA7PZ8fiP0iYRMjjzOh3l94fURE2MDMqXeXzH1iJB5U3nzMLvE8iUevvPnMqm8eS/QREgfj/ALvznh3+v5zyIErd9/7/AM5DPIgSYjvv7zfUyOIgS4nvv7x+pkURKM6vePmZgYiBLiu+/vH6mRGIgbO0v4tX32+pmsYiSOgnx38Sp7zfUyAxEQJcT328zIjERAlxXfbzM8o7/j9DER5DqRETA//Z",,,
56,5,Home,standing desk,https://secretlab.co/products/magnus-pro?sku=MPB2-15B-PASTELPNK,$848.00,https://images.secretlab.co/subimage/tr:n-display_thumbnail/MPB2-15B_02.jpg,,,
56,5,Home,tucked in pickles,https://www.zencreations.store/product-page/tucked-in-pickles-8-x-10-canvas,$33.00,"https://static.wixstatic.com/media/a14ce0_169d03d865264460a5a0ca755c0ae0fe~mv2.jpeg/v1/fill/w_500,h_667,al_c,q_80,usm_0.66_1.00_0.01,enc_auto/a14ce0_169d03d865264460a5a0ca755c0ae0fe~mv2.jpeg",,,
56,5,Home,Anything from this ,https://www.jeanadraws.com/products/seconds-grade-lakko-sweater-collection?variant=40041758163004,$45.00,https://www.jeanadraws.com/cdn/shop/products/soncdss_1024x1024@2x.png?v=1651112816,,,
56,5,Home,Hello kitty bedding ,https://www.pbteen.com/products/hello-kitty-jersey-quilt-sham/?catalogId=21&sku=6857923&cm_ven=FreePLA&cm_cat=Google&cm_pla=Bedding%20%3E%20Quilts%20%26%20Comforters,$229.00,https://assets.ptimgs.com/ptimgs/rk/images/dp/wcm/202420/0018/img86o.jpg,,,
56,5,Home,Uplift L shaped Standing Desk,https://www.upliftdesk.com/uplift-v2-l-shaped-standing-desk/,"$1,399.00",https://cdn11.bigcommerce.com/s-l85bzww3lo/images/stencil/1024w/products/859/17494/1-gallery-upl934-l-shaped-desk-1__09927.1639424230.jpg,,,
57,5,Vinyls,Imagine Dragons Box Set,https://www.ebay.com/itm/314017122801?_trkparms=amclksrc%3DITM%26aid%3D111001%26algo%3DREC.SEED%26ao%3D1%26asc%3D20160908105057%26meid%3D9277fc8fbd06497fa2bb75cc2274f4a5%26pid%3D100675%26rk%3D1%26rkt%3D7%26sd%3D314017122801%26itm%3D314017122801%26pmt%3D1%26noa%3D1%26pg%3D2380057&_trksid=p2380057.c100675.m4236&_trkparms=pageci%3A8c4ba3d0-25bc-11ed-8015-2ee344429457%7Cparentrq%3Add73bb431820a0d0edc63494fffb25a0%7Ciid%3A1,$208.00,https://i.ebayimg.com/images/g/jeIAAOSwSqhilTD-/s-l1600.webp,,,
58,5,Clothes,Pusheen tote bag,https://www.amazon.com/gp/product/B0BLSHMG69/ref=ox_sc_saved_image_1?smid=A2ME53KL2BSLB6&psc=1,$24.90,https://m.media-amazon.com/images/I/6192CqBkMvL._AC_SX569_.jpg,,,
58,5,Clothes,Hello Kitty Mushroom Embroidered Girls Skimmer Cardigan,https://www.hottopic.com/product/hello-kitty-mushroom-embroidered-girls-skimmer-cardigan/20193535.html,$38.43,https://cdn.media.amplience.net/s/hottopic/20193530_hi?$productMainTablet$&fmt=auto,,,
58,5,Clothes,Studio Ghibli Spirited Away Soot Sprites Women's Plus Size Cardigan - BoxLunch Exclusive,https://www.boxlunch.com/product/studio-ghibli-spirited-away-soot-sprites-womens-plus-size-cardigan---boxlunch-exclusive/20211779.html,$64.90,https://cdn.media.amplience.net/s/hottopic/20211778_hi?$productMainTablet$&fmt=auto,,,
58,5,Clothes,Pusheen Dress,https://www.depop.com/products/kajinkacat-pushers-unique-vintage-collab-dress/,$30.00,https://media-photos.depop.com/b1/34377327/1594593761_67e3ca6c49aa41808ed965c8bca3480f/P0.jpg,,,
58,5,Clothes,Last of us flannel,https://gear.playstation.com/1525963-the-last-of-us-part-ii-red-flannel,$49.95,https://gear.playstation.com/media/catalog/product/1/5/1525963_z_67ff.jpg?width=1250&height=1250&store=playstation&image-type=image,,,
58,5,Clothes,Last of us flannel gray,https://gear.playstation.com/1525964-the-last-of-us-part-ii-charcoal-flannel,$49.95,https://gear.playstation.com/media/catalog/product/1/5/1525964_z_ddcf.jpg?width=1250&height=1250&store=playstation&image-type=image,,,
58,5,Clothes,loveloud crewneck,https://loveloudfest.com/shop/p/premium-crewneck-black,$50.00,https://images.squarespace-cdn.com/content/v1/63e1c3422e705e49d8b50f38/1696918099885-KZZBH6U0QPV0T1SFXNEA/Premium%2BCrew_Black.png?format=500w,,,
58,5,Clothes,TRF crewneck,https://shop.trf.org/products/ombre-logo-crewneck,$40.00,https://shop.trf.org/products/ombre-logo-crewneck,,,
59,5,Makeup,Blends Palette,https://blendbunnycosmetics.com/products/blendspalette,$39.00,https://blendbunnycosmetics.com/cdn/shop/products/BlendsOpen.jpg?v=1679620038&width=493,,,
59,5,Makeup,pusheen gaming makeup,https://shop.pusheen.com/products/gaming-pusheen-6-piece-makeup-brush-set,$44.00,https://shop.pusheen.com/cdn/shop/files/Gamer_Girl_Pusheen_6-Piece_Makeup_Brush_Set_web_004_1800x.jpg?v=1724091333,,,
60,5,Plushies,Build a Bear cinnamorooll,https://www.buildabear.com/sanrio-hello-kitty-and-friends-cinnamoroll-plush/031213.html?cgid=w-characters-and-collections-pop-culture-sports-and-more-sanrio,$36.00,https://www.buildabear.com/dw/image/v2/BBNG_PRD/on/demandware.static/-/Sites-buildabear-master/default/dw8f0949b1/07231201231213x20324017.jpg?sw=800&sh=800&sm=fit,,,
,,,,,,,,,
,,,,,,,,,
,,,,,,,,,
,,,,,,,,,
,,,,,,,,,
,,,,,,,,,
,,,,,,,,,
,,,,,,,,,
,,,,,,,,,
,,,,,,,,,
,,,,,,,,,
,,,,,,,,,
,,,,,,,,,
,,,,,,,,,
,,,,,,,,,
,,,,https://www.fye.com/search?q=pusheen&start=12&sz=12,,,,,
,,,,black overalls,,,,,
,,,,white overalls,,,,,
,,,,gingham black pants,,,,,
,,,,red pants,,,,,
,,,,green pants,,,,,
,,,,purple pants,,,,,
,,,,blue pants,,,,,
,,,,white shorts,,,,,
,,,,button ups,,,,,
,,,,light green shorts,,,,,
,,,,cloud sweater,,,,,
,,,,cropped yellow cardigan,,,,,
,,,,cropped pink cardigan,,,,,
,,,,strawberry jeans,,,,,
,,,,strawberry shorts,,,,,
,,,,plaid purple pastel jean jacket,,,,,
,,,,,,,,,
,,,,https://jansbearessentials.com/,,,,,
,,,,,,,,,
,,,,,,,,,
,,,,,,,,,
,,,,,,,,,
,,,,,,,,,
,,,,,,,,,
,,,,,,,,,
,,,,,,,,,
,,,,https://foodieyuki.company.site/products/Christmas-large-cookie-cutter-set-p709762823,,,,,